product_id,c
P2CZ6NYV8,3
P2MCJ7CM0,3
P4D689O1L,3
P4P82NPJR,3
P7JFWZH6O,3
P7VNMHGTN,3
P8DEWV7XW,3
PCU4HC8L2,3
PEWMRG4E7,3
PFBPUB5X5,3
PG71XSMF2,3
PGAR3KV0V,3
PGSSGB51W,3
PGYV3IH59,3
PHMWFEFMT,3
PIDNBS2T9,3
PITG650EO,3
PJUE8Q53M,3
PLZGUV52F,3
PN2WEA6Z2,3
POTG3ZUA5,3
PP7ZR9W51,3
PPZOY3DXW,3
PSI1BK6OU,3
PU8AR8VJJ,3
PWNLLQ0DR,3
PX99XTW1E,3
PY72NS3DU,3
P4KVZUVBL,3
P9JBVW13M,3
PBI0RS00Q,3
PG6VMO2LN,3
PK3LRO821,3
PMDR1A54H,3
PSKX15B5N,3
PUZA2SQO6,3
PYGGP2JW6,3
PYUQYJZRS,3
P0IW9KAXW,3
P1QB2QLBT,3
P4JH3V05V,3
P6IJM4NPB,3
P71G71YLQ,3
PBQD2QR4E,3
PCU8FMGPI,3
PDY2DET5C,3
PF1EALY1T,3
PFRP8ML67,3
PGCZQ85XJ,3
PGLX7TDZO,3
PH5CIHHWX,3
PH5REB6SO,3
PHJWBPHXR,3
PK3610R9V,3
PKRW2EWAF,3
PNL6Z6R0E,3
PNUDYW970,3
POS698FZ3,3
PPRGTNK88,3
PQSK6EODB,3
PRHRZQJWL,3
PS10BA9M3,3
PYZ2CKOT1,3
PZIARVIYK,3
PZY5JXSAU,3
P009MORPZ,3
P0NXS2R1Z,3
PHO2WHAZP,3
PKB48W6ZM,3
PQ8OTQSQH,3
PT3Q5GEPK,3
PXCYSJZCL,3
PXUIL2CZJ,3
PZ4A98ZQ2,3
P0QDP3RLZ,3
P2F7M5YG5,3
P3MCQYNBE,3
P4BVPPUOC,3
P4NCEP3PP,3
P7FS56DDK,3
P9E8CKR2Y,3
PBGUR2EVP,3
PBK2MZ7GT,3
PCJYFQQTH,3
PCQLSUDA7,3
PD29OF8WS,3
PDGCMFXUH,3
PEOODN6BQ,3
PFVP9NK3D,3
PGWOUCP7R,3
PHZT5QVIL,3
PK83NF122,3
PK8UWD6NE,3
PMGVMCV7Y,3
PNLF8ORPB,3
POZQGPPEF,3
PPBII9BKO,3
PQ92MX2QJ,3
PSCO545KJ,3
PT0ITP2VZ,3